text,label
"Are you tired of living paycheck to paycheck? It's time to take control of your financial future! With our revolutionary program, you can earn extra income and achieve 100% more financial satisfaction. Say goodbye to money worries and hello to a brighter future. Don't miss out on this opportunity to be your own boss and enjoy the pure profit you deserve.",spam
"Imagine doubling your income without any hassle. With our proven strategies, you can achieve just that! We're offering a risk-free opportunity for you to earn extra cash and experience the thrill of big bucks. Don't let this chance slip through your fingers – take control of your financial destiny today.",spam
"We're excited to announce that you're a winner! As a token of our appreciation, we're offering you a cash bonus that will leave you 100% satisfied. Your dedication hasn't gone unnoticed, and this prize is our way of saying thank you. Claim your bonus now www.asddas.com and enjoy the financial boost you deserve.",spam
"Are you tired of living paycheck to paycheck? Our program offers a risk-free solution to consolidate debt and lower rates, allowing you to achieve true financial freedom. Say goodbye to financial stress and hello to a life of abundance. Don't miss out on this chance to earn extra income and secure your future.",spam
We're excited to offer you a free gift that will transform your financial journey. Experience the miracle of extra income and expect to earn like never before. Our expert team is here to guide you towards success and help you achieve the best price for your efforts.,spam
Imagine earning additional income without any limits. Our proven system can help you achieve 100% more financial success. Be your own boss and experience the thrill of earning big bucks. Don't wait – start your journey towards financial freedom now!,spam
Are you ready to take charge of your financial future? Our program guarantees 100% satisfaction as you unlock the secrets of extra income. Join countless others who have doubled their cash and income. It's time to believe in miracles and achieve pure profit.,spam
"Congratulations! You've won a special cash bonus just for being a valued member of our community. With us, you can always expect to earn more. Enjoy the feeling of financial satisfaction with this risk-free offer.",spam
"Tired of dealing with debts and high interest rates? It's time to take control. Our program offers a risk-free solution to consolidate debt and lower rates, giving you the chance to earn extra income. Start your journey towards financial freedom today!",spam
"Claim your free gift today and unlock the potential for pure profit. With our expert guidance, you can earn extra cash and double your income. Say hello to a brighter financial future and experience 100% satisfaction.",spam
Get ready to win big bucks with our exciting contest! You could be the lucky winner of a substantial cash prize. Don't miss out on this incredible opportunity to earn extra income and achieve financial freedom. Take the first step towards a brighter future today.,spam
You're personally invited to a free consultation that will change your financial future. Say goodbye to financial stress and hello to extra income and lower rates. Be your own boss and expect to earn more than ever before. It's time to take control of your financial destiny.,spam
"Imagine doubling your income effortlessly. With our proven strategies, you can achieve just that! Our program guarantees 100% satisfaction as you earn extra cash and experience financial success. Say hello to a life of pure profit and big rewards.",spam
Don't miss out on this miracle opportunity to earn extra cash and be your own boss! Say goodbye to financial worries and hello to a life of financial freedom. Our risk-free program guarantees pure profit and 100% satisfaction. It's time to take action and change your life.,spam
Your ticket to financial success awaits! Unlock the potential for extra income and double your cash with our revolutionary program. Achieve the best price for your efforts and expect to earn more than ever before. Say yes to a life of big bucks and unlimited possibilities.,spam
Ready to embark on your journey to financial prosperity? Our program offers you the chance to earn extra income and achieve 100% satisfaction. Say goodbye to financial stress and hello to big rewards and pure profit. The opportunity to double your income is within your reach.,spam
You're invited to an exclusive opportunity to unlock extra income and achieve financial freedom. Don't miss out on the chance to earn money and double your cash. Say goodbye to the limitations of your current financial situation and step into a world of unlimited potential.,spam
"Imagine a future where your financial worries are a thing of the past. Our risk-free program offers a solution to consolidate debt, earn extra income, and achieve the best price for your efforts. Say yes to pure profit and the promise of a brighter tomorrow.",spam
Get ready to experience a miracle of financial abundance! Our program guarantees 100% satisfaction as you earn extra cash and expect to earn more than ever before. Don't miss out on this chance to be your own boss and enjoy the big bucks that come with it.,spam
Are you ready to seize your golden opportunity? Our program helps you double your income and achieve financial success. Say goodbye to limited earnings and hello to big rewards and financial freedom. It's time to take control of your financial destiny.,spam
"Are you tired of the 9-to-5 grind? It's time to be your own boss and enjoy the rewards of your hard work. Our program offers a pathway to extra income, financial freedom, and 100% satisfaction. Don't miss out on the chance to achieve big bucks and pure profit.",spam
"Imagine holding a ticket to unlimited extra income. With our program, you can double your cash and achieve the financial satisfaction you deserve. Say goodbye to limitations and hello to a life of financial freedom and big rewards.",spam
"Miracles do happen, and our program is proof! Experience the miracle of financial freedom as you earn extra income and double your cash. Say goodbye to financial stress and hello to pure profit and 100% satisfaction.",spam
"Your efforts deserve the best price, and our program ensures just that. Earn extra cash, be your own boss, and expect to earn more than ever before. Say yes to a life of big bucks, financial freedom, and pure profit.",spam
"Double your income, double your joy! Our program offers you the chance to earn extra cash and experience the thrill of financial success. Say goodbye to limitations and hello to big rewards and unlimited possibilities.",spam
Are you ready to unlock your full earning potential? Our program is designed to help you earn extra cash and achieve 100% satisfaction. Say goodbye to financial limitations and hello to a life of big bucks and pure profit.,spam
"You've been granted exclusive access to a life of financial freedom. With our program, you can earn extra income and double your cash effortlessly. Say yes to a life of big rewards, be your own boss, and expect to earn more than ever before.",spam
Your path to pure profit begins now. Our program guarantees 100% satisfaction as you earn extra cash and achieve financial success. Say goodbye to financial worries and hello to a life of financial freedom and big bucks.,spam
Ready to turn your dreams into reality? Our program offers you the chance to earn extra income and experience the joy of big rewards. Say goodbye to limitations and hello to a life of financial freedom and pure profit.,spam
"Your personal key to financial prosperity is here. With our program, you can be your own boss, earn extra cash, and achieve 100% satisfaction. Say yes to big bucks, financial freedom, and unlimited possibilities.",spam
Are you ready to experience the thrill of pure profit? Our program guarantees 100% satisfaction as you earn extra income and achieve your financial goals. Say goodbye to financial limitations and hello to big rewards and a life of abundance.,spam
"Your journey to financial success begins right now. With our program, you can earn extra cash, be your own boss, and double your income. Say yes to a life of financial freedom, big bucks, and pure profit.",spam
It's time to unleash your full earning potential. Our program offers you the chance to earn extra income and achieve 100% satisfaction. Say goodbye to financial constraints and hello to big rewards and a future of financial freedom.,spam
"You're invited to a world of financial abundance. With our program, you can earn extra cash, achieve the best price for your efforts, and expect to earn more than ever before. Say yes to big bucks, pure profit, and a life of limitless possibilities.",spam
Ready to claim your share of financial freedom? Our program guarantees 100% satisfaction as you earn extra income and double your cash. Say goodbye to financial worries and hello to a life of big rewards and pure profit.,spam
"Are you ready to follow your roadmap to financial independence? Our program offers you the chance to earn extra income, be your own boss, and achieve 100% satisfaction. Say goodbye to financial limitations and hello to a life of big rewards and pure profit.",spam
"Elevate your income and elevate your life with our program. Experience the joy of earning extra cash and achieving the best price for your efforts. Say yes to a life of financial freedom, big bucks, and unlimited possibilities.",spam
"Your destiny awaits – one of financial success and beyond. With our program, you can earn extra income, double your cash, and expect to earn more than ever before. Say yes to a life of pure profit and big rewards.",spam
"Secure your financial future with our risk-free program. You can earn extra income, consolidate debt, and achieve 100% satisfaction. Say goodbye to financial stress and hello to big rewards and a life of pure profit.",spam
"It's time to turn your dreams into financial reality. Our program offers you the chance to earn extra income and be your own boss. Say yes to a life of big bucks, financial freedom, and pure profit.",spam
"Get ready to open the gateway to financial empowerment. With our program, you can earn extra income, achieve the best price for your efforts, and double your income. Say goodbye to financial limitations and hello to a life of big rewards and pure profit.",spam
"Seize your chance to shine and be your own boss! Our program offers you the opportunity to earn extra cash and experience the thrill of financial freedom. Say yes to a life of financial satisfaction, big bucks, and pure profit.",spam
"Your freedom is within reach – all you need to do is unlock the potential. With our program, you can earn extra income, consolidate debt, and achieve 100% satisfaction. Say goodbye to financial constraints and hello to big rewards and a life of pure profit.",spam
"Elevate your lifestyle with the power of extra income. Our program guarantees 100% satisfaction as you earn money, be your own boss, and expect to earn more than ever before. Say yes to a life of financial freedom, big bucks, and unlimited possibilities.",spam
"You're cordially invited to a life of financial success. Our program offers you the chance to earn extra cash and achieve the best price for your efforts. Say yes to a life of pure profit, big rewards, and the satisfaction of financial freedom.",spam
"Step into a world of financial abundance with our program. You can earn extra income, be your own boss, and double your cash effortlessly. Say goodbye to financial limitations and hello to big rewards and a life of pure profit.",spam
"Are you ready to thrive financially? Our program offers you the opportunity to earn extra cash, consolidate debt, and achieve 100% satisfaction. Say yes to a life of financial freedom, big bucks, and the promise of pure profit.",spam
"It's time to turn your financial dreams into reality. Our program empowers you to earn extra income, achieve the best price for your efforts, and expect to earn more than ever before. Say yes to a life of pure profit, big rewards, and financial freedom.",spam
"Ready to find your path to financial fulfillment? Our program offers you the chance to earn extra income, be your own boss, and experience the joy of big rewards. Say yes to a life of financial freedom, pure profit, and unlimited possibilities.",spam
"You've just received your ticket to financial prosperity! With our program, you can earn extra cash, double your income, and achieve 100% satisfaction. Say yes to a life of big bucks, pure profit, and a future filled with success.",spam
"Don't miss out on our exclusive deal! Act now to secure savings you won't find elsewhere. Click below to take advantage of this limited-time offer.
Http://www.ksaoll.com",spam
"Ready to chase your dreams? Apply now and seize the chance to make them a reality. Don't wait – your future starts today.

Apply now www.korea.com!",spam
"We're excited to invite you to join our community. Become a member now and unlock exclusive benefits that await you.

Sign up www.hello.co.kr and be part of something great!",spam
"We have crucial information about your account. Don't delete this email. Click here to access the details you need.

Https://www.ksadkasds12213.com",spam
"Act quickly to save with our limited-time offer. Order now to enjoy unbeatable prices on our top products.

Order now www.qwewrq455.com!",spam
Seeing is believing! See for yourself the incredible results our product delivers. Click below to witness the difference.,spam
"Ready to take the first step? Get started now and embark on a journey of success. Click below to begin.

Get started www.sadasd2223.com today!",spam
"Want personalized guidance? Call now to schedule your consultation and take action towards achieving your goals.

Call now: 0108457785525",spam
"Congratulations! You're a winner. Don't let this opportunity slip away. Claim your prize now before it's too late.

Claim now www.psdaiasddsa24561.com !",spam
"Time is running out! Act now to claim a special discount on our premium products. Don't miss this chance to save big.

Get it now www.asdkhh22477.com!",spam
"Your exclusive deal awaits! Get started today and unlock savings like never before. Click below to begin.

Get started www.asdkhh22477.com now!",spam
"Jump on this limited-time offer! Sign up free now and experience the benefits of our premium membership.

Sign up www.asdkhh22477.com for free!",spam
"Hi Denis,

What are you waiting for? Take action today and set yourself on the path to success.

Take action www.asdkhh22477.com now!",spam
"Hello Broney,

Hurry! This won't last long. Order now to secure your spot and enjoy exclusive pricing.

Order now www.asdkhh22477.com!",spam
"Dear Daniel,

Congratulations, you're a winner! Claim your prize now and relish in your victory.

Claim now www.asdkhh22477.com!",spam
"Hi sangho,

Curious about the results? Click here to see how our product can make a difference for you.

See for yourself www.asdkhh22477.com!",spam
"Hello jaehong,

Important information regarding your account is available now. Click below to access it.

Get information www.asdkhh22477.com now!",spam
"Dear gangwoo,

Your exclusive deal is waiting! Act now to secure it before it's too late. Click below to claim.

Claim deal www.asdkhh22477.com now!",spam
"Hi man,

Ready to make a change? Become a member now and embark on your journey towards success.

Join now www.asdkhh22477.com!",spam
"Hello gorlila,

Apply now to open doors to exciting opportunities. Don't delay – your next adventure awaits.

Apply now www.helloform34k.com!",spam
"Hi gorlila,

Ready for exclusive details? Call now to get all the information you need.

Call now: 4578741422457725",spam
"Dear gorlila,

Congratulations! You have been selected for a chance to win big. Don't miss out – take action now.

Take action www.helloform34k.com!",spam
"Hello gorlila,

Act now to unlock exclusive savings! This limited-time offer won't wait for you.

Act now www.helloform34k.com!",spam
"Hi gorlila,

Sign up free today and reap the rewards of our premium membership. Don't miss out on this opportunity.

Sign up www.helloform34k.com for free!",spam
"Hello gorlila,

Get started now to experience the taste of success. Don't wait – take the first step today.

Get started www.helloform34k.com now!",spam
"Hi gorlila,

Click below to access exclusive content. This is an opportunity you don't want to miss.

Access now www.helloform34k.com!",spam
"Hello gorlila,

Are you ready to win? Your winning opportunity is right here – don't let it slip away.

Claim now www.helloform34k.com!",spam
"Hi gorlila,

Urgent: important information inside. Click below to stay informed.

Get information www.helloform34k.com now!",spam
"Hello gorlila,

Don't miss out on your last chance to get it now. Click below to seize this opportunity.

Get it now www.helloform34k.com!",spam
"Hi jane,

Congratulations! You're invited to an exclusive sale. Buy direct from us and save big on your favorite products.

Check out the sale https://www.kokoajoamoa0123.com now!",spam
"Hello jane,

Congratulations, you've won a prize! Don't miss out – claim your prize now and celebrate your victory.

Claim now https://www.kokoajoamoa0123.com!",spam
"Hi jane,

Looking to meet new people? Join now for free and connect with singles in your area.

Join for free https://www.kokoajoamoa0123.com today!",spam
"Hello jane,

Curious about our products? There's no obligation to explore them. Click below to find out more.

Learn more https://www.kokoajoamoa0123.com today!",spam
"Hi jane,

Your confidentiality is our priority. Rest assured, your information is safe with us.

Learn about our policies https://www.kokoajoamoa0123.com here.",spam
"Hello jane,

Enjoy an exclusive offer with no interest and no fees. Don't miss this opportunity – click below to find out more.

Learn more https://www.kokoajoamoa0123.com now!",spam
"Hi jane,

Ready to try something new? You can cancel at any time with no hassle. Don't miss this risk-free opportunity.

Learn more https://www.kokoajoamoa0123.com today!",spam
"Hello jane,

Worried about hidden charges? We're transparent – no surprises here. Click below to explore our offerings.

Discover more https://www.kokoajoamoa0123.com now!",spam
"Hi jane,

Ready to shed those pounds? Your weight loss journey starts now with our proven solutions.

Start now https://www.kokoajoamoa0123.com and achieve your goals!",spam
"Hello jane,

Buy direct from us and save big. Say goodbye to middleman costs – click below to explore our products.

Check out our offerings https://www.kokoajoamoa0123.com now!",spam
"Hi Bella,

Ready to get started? No credit check is required. Take the first step towards your goals now.

Start today https://www.crazybiagra.com!",spam
"Hello Bella,

Ready to boost your online presence? Explore the world of internet marketing with our proven strategies.

Learn more https://www.crazybiagra.com and succeed online!",spam
"Hi Bella,

Discover our effective cures for a healthier life. Say goodbye to worries and hello to wellness.

Explore our solutions https://www.crazybiagra.com now!",spam
"Hello Bella,

Experience freedom with our service. You can cancel at any time without hassle. Click below to learn more.

Learn more https://www.crazybiagra.com today!",spam
"Hi Bella,

Buy direct from us and enjoy the best price. Rest assured, no hidden charges await you.

Check out our offerings https://www.crazybiagra.com now!",spam
"Hello Bella,

It's the sale of the year – don't miss out! Discover incredible deals on our products.

Shop the sale https://www.crazybiagra.com now!",spam
"Hi Bella,

Ready to try something new? Our risk-free offer requires no investment. Click below to learn more.

Explore now https://www.crazybiagra.com!",spam
"Hello Bella,

This email is not junk, not spam. There's important information waiting for you inside.

Open the email now to learn more.",spam
"Hi Bella,

Congratulations! You've been selected to claim an exciting prize. Act now to secure your reward.

Claim now https://www.crazybiagra.com and celebrate your victory!",spam
"Hello Bella,

Discover your path to success without any cost or fees. Click below to learn how.

Learn more https://www.crazybiagra.com now!",spam
"Hello Jaehong,

Ready to thrive? No investment needed. Your success starts here.

Start flourishing www.asdhdh222.com today!",spam
"Hello conan,

Need cash now? We've got your back. Discover the solution for your financial freedom.

Explore options https://www.englishfuc.com today!",spam
"Hi conan,

Ready to soar? Our marketing solution unlocks unlimited growth for your business.

Unlock potential https://www.englishfuc.com now!",spam
"Hello conan,

Elevate your lifestyle with our exclusive luxury offer. Experience opulence like never before.

Explore luxury https://www.englishfuc.com now!",spam
"Hi conan,

Stay in the loop! Opt in to receive exclusive updates and offers from us.

Opt in https://www.englishfuc.com and never miss out!",spam
"Hello conan,

Curious? Try our product risk-free with a free trial. Experience the benefits before committing.

Start trial https://www.englishfuc.com today!",spam
"Hi conan,

Your dream home is within reach. Discover low mortgage rates that fit your budget.

Explore rates https://www.englishfuc.com now!",spam
"Hello conan,

Stressed about removals? We make it easy. Say goodbye to worries.

Discover stress-free options https://www.englishfuc.com now!",spam
"Hi conan,

Your credit score matters. Take control of your financial future now.

Check your score https://www.englishfuc.com today!",spam
"Hello conan,

Your lifetime of value begins here. Don't miss this irresistible offer.

Claim value https://www.englishfuc.com now!",spam
"Hi conan,

Purchase with confidence. Our products come with a lifetime warranty.

Explore options https://www.englishfuc.com and shop worry-free!",spam
"Hello Hellen,

Experience the ultimate luxury with our limited-time offer. Unlock unlimited possibilities today.

Learn more www.asdsa24659012qwasf.co.kr and indulge yourself!",spam
"Hi Hellen,

Ready to revolutionize your marketing strategy? Opt in to gain exclusive insider insights.

Opt in www.asdsa24659012qwasf.co.kr and stay ahead of the game!",spam
"Hello Hellen,

Discover a marketing solution that delivers results. Try it for free and witness the impact firsthand.

Start trial www.asdsa24659012qwasf.co.kr today!",spam
"Hi Hellen,

Tired of clutter? Our easy removal solutions make decluttering a breeze.

Explore options www.asdsa24659012qwasf.co.kr for a clutter-free space!",spam
"Hello Hellen,

Elevate your lifestyle with luxury living. Experience the finer things in life today.

Explore luxury www.asdsa24659012qwasf.co.kr and embrace opulence!",spam
"Hi Hellen,

Don't miss out on low mortgage rates that secure your financial future. Your dream home awaits.

Explore rates www.asdsa24659012qwasf.co.kr and make your move!",spam
"Hello Hellen,

Your credit score holds the key to your financial future. Check it now to stay in control.

Check your score www.asdsa24659012qwasf.co.kr today!",spam
"Hi Hellen,

Experience peace of mind with our products. Enjoy a lifetime warranty with every purchase.

Explore options www.asdsa24659012qwasf.co.kr and shop confidently!",spam
"Hello Hellen,

Unlock your dreams with our loan options. Discover unlimited potential for your aspirations.

Learn more www.asdsa24659012qwasf.co.kr and make it happen!",spam
"Hi Hellen,

Curious to experience the benefits? Try our product with a risk-free trial. No commitment needed.

Start trial www.asdsa24659012qwasf.co.kr and discover the difference!",spam
"Hello Kelly,

Ready to drive success? Our marketing solution is the key to reaching your goals.

Unlock success www.asdd2222sadkkfg.com now!",spam
"Hi Kelly,

An exclusive offer awaits you! Don't miss your chance to grab it now.

Claim offer www.asdd2222sadkkfg.com before it's gone!",spam
"Hello Kelly,

Stay in the loop with exciting updates and opportunities. Opt in to never miss out.

Opt in www.asdd2222sadkkfg.com and stay connected!",spam
"Hi Kelly,

Ready to achieve financial freedom? Try our loan services and open doors to possibilities.

Start now www.asdd2222sadkkfg.com and shape your future!",spam
"Hello Kelly,

Invest in quality with our products. They come with a lifetime warranty for your peace of mind.

Explore options www.asdd2222sadkkfg.com and shop confidently!",spam
"Hi Kelly,

Explore mortgage rates that align with your budget. Your dream home is closer than you think.

Discover rates www.asdd2222sadkkfg.com and make your move!",spam
"Hello Kelly,

Indulge in luxury living like never before. Experience the best life has to offer.

Explore luxury www.asdd2222sadkkfg.com and treat yourself!",spam
"Hi Kelly,

Shape your financial future by knowing your score. Check it now to stay informed.

Check your score www.asdd2222sadkkfg.com today!",spam
"Hello Kelly,

Simplify removal with our easy solutions. Start the journey to a clutter-free space.

Start now www.asdd2222sadkkfg.com and enjoy a fresh start!",spam
"Hello Brane,

Ready to succeed? Opt in for exclusive opportunities and take your journey to the next level.

Opt in http://www.clearsseec.com and seize the chance!",spam
"Hi Brane,

Uncover the ultimate mortgage rates for your dream home. Your future starts with the right rates.

Explore options http://www.clearsseec.com and make it happen!",spam
"Hello Brane,

Ready to achieve your goals? Our marketing solution is your path to success.

Learn more http://www.clearsseec.com and reach new heights!
",spam
"Hi Brane,

Score big with our exclusive offer. Don't miss your chance to win big.

Claim offer http://www.clearsseec.com and celebrate your victory!",spam
"Hello Brane,

Curious? Try our product risk-free with a free trial. Experience the benefits before committing.

Start trial http://www.clearsseec.com today!",spam
"Hi Brane,

Say goodbye to stress with our simple removal solutions. Make space for the new in no time.

Explore options http://www.clearsseec.com for a hassle-free process!",spam
"Hello Brane,

Elevate your lifestyle with our luxurious offer. Experience the best in class like never before.

Discover luxury http://www.clearsseec.com and embrace opulence!",spam
"Hi Brane,

Unlock unlimited possibilities with our offerings. Your potential knows no bounds.

Explore now http://www.clearsseec.com and transform your future!",spam
"Hello Brane,

Purchase with confidence. Our products come with a lifetime warranty for your peace of mind.

Explore options http://www.clearsseec.com and shop worry-free!",spam
"Hi Brane,

Ready to step into financial freedom? Our loan solutions pave the way to your success.

Learn more http://www.clearsseec.com and take the leap!",spam
"Hello poll,

Ready to write your success story? Our trial gives you the chance to experience the journey firsthand.

Start trial www.caxdjsjhu77777.com and embark on your path to success!",spam
"Hi poll,

Stay ahead with exclusive updates. The power of choice is in your hands – opt in today.

Opt in www.caxdjsjhu77777.com and stay informed!",spam
"Hello poll,

Quality guaranteed. Experience the difference with our products backed by a solid warranty.

Explore options www.caxdjsjhu77777.com and shop confidently!",spam
"Hi poll,

Ignite your marketing strategy with our proven solution. Success is just a step away.

Unlock potential www.caxdjsjhu77777.com now!",spam
"Hello poll,

Ready to declutter your space? Our removal services are the key to a fresh start.

Start now www.caxdjsjhu77777.com and reclaim your space!",spam
"Hi poll,

Elevate your lifestyle to new heights. Explore the world of luxury living today.

Explore luxury www.caxdjsjhu77777.com and redefine your lifestyle!",spam
"Hello poll,

Your financial future starts with your credit score. Check it now and stay in control.

Check your score www.caxdjsjhu77777.com today!",spam
"Hi poll,

Unlock your dream home with favorable mortgage rates. Your journey begins here.

Discover rates www.caxdjsjhu77777.com and make your move!",spam
"Hello poll,

Empower your future with our loans. Discover the path to a brighter tomorrow.

Learn more www.caxdjsjhu77777.com and pave your way to success!",spam
"Hi poll,

Elevate your lifestyle with unlimited luxury. Embrace a life of opulence and indulgence.

Explore luxury www.caxdjsjhu77777.com and treat yourself!",spam
"Hello poll,

Want to stay ahead of the curve? Opt in for exclusive marketing insights and strategies.

Opt in www.caxdjsjhu77777.com and stay in the know!",spam
"Hello Jennis,

Discover the hottest trends as seen on our latest collection. Don't miss out on these must-have items.

Explore now www.hollysiht.com and stay ahead of the fashion game!",spam
"Hi Jennis,

Why pay more? Buy direct from us and enjoy exclusive savings on your favorite products.

Shop now www.hollysiht.com and unlock unbeatable deals!",spam
"Hello Jennis,

Your opinions count! Share your buying judgments and help us improve your shopping experience.

Give feedback www.hollysiht.com and make a difference today!",spam
"Hi Jennis,

Act fast! Our exclusive clearance sale offers incredible discounts, but stock is limited.

Browse clearance www.hollysiht.com and snag your favorites now!",spam
"Hello Jennis,

Exciting news! Your order is on its way. Track its status and know exactly when it'll arrive.

Check order status www.hollysiht.com and stay updated!",spam
"Hi Jennis,

Good news! Your new orders have been shipped and are en route to your mailbox.

Stay tuned for your delivery and thank you for choosing us!",spam
"Hi Morets,

Ready to boost your earnings? Explore additional income opportunities that fit your schedule.

Learn more www.hollysih22222t.com and start earning more!",spam
"Hello Morets,

Tired of the 9 to 5 grind? Be your own boss and pave your own path to success.

Discover how www.hollysih22222t.com and start your journey!",spam
"Hi Morets,

In a competitive world, it's time to stand out. Compete for your business and achieve excellence.

Learn more www.hollysih22222t.com and secure your success!",spam
"Hello Morets,

Dissatisfied with your income? Discover how you can double your earnings and elevate your lifestyle.

Learn the secrets www.hollysih22222t.com to financial growth!",spam
"Hi Morets,

Turn your skills into earnings. Earn $ doing what you love. Don't miss this chance.

Start earning www.hollysih22222t.com today!",spam
"Hello Morets,

Looking for extra cash? Explore side hustles that fit your lifestyle and make a meaningful impact.

Discover opportunities www.hollysih22222t.com and start earning more!",spam
"Hi Morets,

Ready to level up financially? Discover opportunities to earn per week and secure your future.

Learn more www.hollysih22222t.com and take control!",spam
"Hello Morets,

Expect more from your earnings. Explore ways to elevate your income and achieve your goals.

Start here www.hollysih22222t.com and reach new heights!",spam
"Hi Morets,

Escape the traditional 9 to 5. Explore home-based opportunities for extra income and gain financial freedom.

Learn more www.hollysih22222t.com and embark on a new journey!",spam
"Hello Rane,

Ready to work from the comfort of your home? Explore exciting home employment opportunities now.

Discover options www.asdasjkfhduhhu.com and take the first step!",spam
"Hi Rane,

Looking to be your own boss? Kickstart your homebased business journey and seize control of your destiny.

Explore more www.asdasjkfhduhhu.com and create your success story!",spam
"Hello Rane,

Imagine earning from home. Discover how you can turn your dreams into reality and boost your income.

Learn more www.asdasjkfhduhhu.com and make it happen!",spam
"Hi Rane,

Earn money while doing what you love. Discover how you can make $ on your own terms.

Start now www.asdasjkfhduhhu.com and monetize your passion!",spam
"Hello Rane,

Ready to explore money-making opportunities online? Unveil the potential that awaits you.

Explore more www.asdasjkfhduhhu.com and start earning today!",spam
"Hi Rane,

Ready to succeed online? Discover an exciting online biz opportunity that aligns with your goals.

Learn more www.asdasjkfhduhhu.com and thrive in the digital world!",spam
"Hello Rane,

Your potential earnings are waiting. Take action now and transform your financial future.

Start here www.asdasjkfhduhhu.com and secure your success!",spam
"Hi Rane,

Imagine making money while you sleep. Explore earning opportunities that work for you 24/7.

Learn more www.asdasjkfhduhhu.com and embrace passive income!",spam
"Hello Rane,

Ditch the commute and work from home. Explore how you can achieve independence and work-life balance.

Start your journey www.asdasjkfhduhhu.com now!",spam
"Hi Rane,

Unlock opportunities with online university diplomas. Open doors to your dream career.

Learn more www.asdasjkfhduhhu.com and invest in your education!",spam
"Hello FUtin,

Don't miss this chance to earn big $$$ with ease. Grab the opportunity now.

Learn more www.commerceFree.com and start counting your earnings!",spam
"Hi FUtin,

Discover affordable solutions that fit your budget. Unlock quality without breaking the bank.

Explore options www.commerceFree.com and save big!",spam
"Hello FUtin,

Hurry, this bargain won't last long! Secure incredible savings with our limited-time offer.

Claim your deal www.commerceFree.com now!",spam
"Hi FUtin,

As our valued customer, you're the beneficiary of exclusive savings. Explore our deals and enjoy more for less.

Explore offers www.commerceFree.com and maximize your value!",spam
"Hello FUtin,

Looking for the best price? Look no further. Our deals guarantee the best price on quality products.

Shop now www.commerceFree.com and enjoy unbeatable value!",spam
"Hi FUtin,

Ready to earn big bucks? Unleash your potential with our income-generating opportunities.

Start earning www.commerceFree.com and secure your financial future!",spam
"Hello FUtin,

Claim your cash bonus today! Don't miss this chance to enjoy extra funds in your pocket.

Get your bonus www.commerceFree.com now!",spam
"Hi FUtin,

In need of extra cash? Our CashCashCash offer provides the solution. Act now to secure your funds.

Learn more www.commerceFree.com and experience financial relief!",spam
"Hello FUtin,

Want more for less? Discover deals that give you cents on the dollar. Save big without compromise.

Explore options www.commerceFree.com and stretch your budget!",spam
"Hi FUtin,

Uncover hidden assets that can transform your financial situation. Tap into opportunities you never knew existed.

Learn more www.commerceFree.com and unlock your potential!",spam
"Hello Cholim,

Worried about hidden charges? Rest assured, our incredible deals come with no hidden costs.

Explore offers www.ccccccccc1123.com and shop confidently!",spam
"Hi Cholim,

Ready to increase your income? Explore our income-boosting opportunities and take control of your finances.

Start now www.ccccccccc1123.com and pave the way to financial growth!",spam
"Hello Cholim,

Experience the magic of easy terms. Explore flexible options that work for you.

Learn more www.ccccccccc1123.com and enjoy stress-free transactions!",spam
"Hi Cholim,

Unlock the magic of free savings! Don't miss out on our limited-time offer.

Claim your deal www.ccccccccc1123.com and enjoy the benefits!",spam
"Hello Cholim,

Need cash fast? Don't miss out on our fast cash opportunity. Act now and secure your funds.

Learn more www.ccccccccc1123.com and get cash in hand!",spam
"Hi Cholim,

As a valued customer, an exclusive discount awaits you. Enjoy savings on your favorite products.

Explore offers www.ccccccccc1123.com and enjoy more for less!",spam
"Hello Cholim,

Unlock savings with low mortgage rates. Explore options that align with your financial goals.

Discover rates www.ccccccccc1123.com and make your move!",spam
"Hi Cholim,

Ready to seize your fortune? Explore opportunities that could lead to your million-dollar dream.

Start your journey www.ccccccccc1123.com to financial success!",spam
"Hello Cholim,

Shop with confidence! Our products come with a money-back guarantee. Your satisfaction is our priority.

Explore options www.ccccccccc1123.com and shop worry-free!",spam
"Hi Cholim,

Looking to explore options? Our offers come with no cost and no obligation. Discover without commitment.

Learn more www.ccccccccc1123.com and take the first step!",spam
"Hello clinst,

Elevate your education with online university diplomas. Open doors to new opportunities and growth.

Learn more www.cleeelsadlasd2.com and invest in your future!",spam
"Hi clinst,

Ready to secure your financial future? Explore investment opportunities that can make a difference.

Discover options www.cleeelsadlasd2.com and take the first step!",spam
"Hello clinst,

Looking for your dream home? Get the best mortgage rates to turn your dream into reality.

Explore rates www.cleeelsadlasd2.com and start your homeownership journey!",spam
"Hi clinst,

Ready to unlock the power of online biz opportunities? Explore your potential for success.

Learn more www.cleeelsadlasd2.com and start your digital journey!",spam
"Hello clinst,

Looking for incredible deals without the fees? Explore our offers with no hidden costs.

Explore now www.cleeelsadlasd2.com and save big!",spam
"Hey Yoonee,

I hope this email finds you well! It's been way too long since we last caught up. Life has been quite a roller coaster on my end, and I'm really eager to hear how things have been for you.

Have you been up to any exciting adventures or new projects? I remember how we used to share all our stories and dreams, and I'd love to know what's new in your world.

Let's not let more time slip away before we reconnect. How about we set up a time for a video call or even plan a meet-up if circumstances allow? Your friendship has always meant a lot to me, and I can't wait to hear from you.

Take care and talk soon!",ham
"Hi Yoonee,

I hope this email finds you in good spirits. I've been thinking about our movie nights back in the day and how much fun we had watching all those classics and exploring new films together.

So, here's a thought: How about we revive our movie nights, but with a twist? We could each pick a movie every week, something we haven't seen yet, and then hop on a call to discuss it afterward. It could be a great way to share recommendations and enjoy each other's company, even if we're miles apart.

Let me know what you think! And if you're up for it, we can start right away. I can't wait to hear your thoughts and, of course, your first movie pick.

Looking forward to your reply!",ham
"Dear Yoonee,

I hope this email finds you smiling. Lately, I've been reminiscing about all the incredible memories we've created over the years – from our hilarious mishaps to those heart-to-heart conversations that always brought us closer.

Life has taken us on different paths, but I believe there are still many new adventures ahead that we can embark on together. How about we plan a mini-getaway or a day of trying something we've never done before? It could be as simple as hiking a new trail, exploring a nearby town, or taking a cooking class.

Let's keep making memories and embracing new experiences. Your companionship has been a treasure in my life, and I can't wait to see where our next adventure takes us.

Looking forward to your thoughts!",ham
"Hey Yoonee,

Just wanted to drop a quick hello and check in on you. How's everything going? Let's catch up soon!",ham
"Hey Yoonee,

You won't believe what happened yesterday! I'll give you a hint: it involves a surprise. Can't wait to spill the beans!",ham
"Hi Yoonee,

Any cool plans for the weekend? I'm thinking of activity on Saturday. Let me know if you're in!",ham
"Hey Yoonee,

I know it's been ages, but you're still on my mind. How's life treating you? Let's catch up soon.",ham
"Hey Yoonee,

Craving a movie night like old times. You free this weekend? Let's pick a flick and chill!",ham
"Hi Yoonee,

I tried this amazing recipe - thought you might like it too. Let's do a recipe swap soon!",ham
"Hey Yoonee,

Your birthday's around the corner, right? Let's plan something fun to celebrate!",ham
"Hi Yoonee,

Remember our talks about starting a book club? Let's finally make it happen. Interested?",ham
"Hey Yoonee,

Need your opinion on something. Mind if I pick your brain?",ham
"Hi Yoonee,

I've got serious wanderlust. Where's the next destination on your travel list?",ham
"Hey Yoonee,

Feeling the need to get active. Up for some workout sessions together?",ham
"Hey Yoonee,

Weekend getaway idea: beach or mountains? Let's plan an escape!",ham
"Hi Yoonee,

Just wanted to say thanks for being an awesome friend. You rock!'",ham
"Hey Mark,

Remember our art class talks? Let's unleash our creativity together. Interested?",ham
"Hi Mark,

New series alert! Let's binge-watch and rate it. Popcorn ready?",ham
"Hey Mark,

Found old photos - they're hilarious! Reminded me of our epic adventures.",ham
"Hi Mark,

Got something important coming up. Need a bit of your awesome support.",ham
"Hey Mark,

Monopoly or trivia? Let's have a game night this Saturday!",ham
"Hi Mark,

It's been a while. Let's catch up on all the latest happenings in our lives.",ham
"Hey Mark,

Can't be there in person, but here's a virtual cheers to your success!",ham
"Hi Mark,

I've got this project idea... curious to know your thoughts.",ham
"Hey Mark,

Craving a coffee break and a chat. Tomorrow afternoon?",ham
"Hi Mark,

Here's a quirky one: If you could have any superpower, what would it be?",ham
"Hi Boss,

Just wanted to give you a quick update on the project. We're on track with the timeline and have made significant progress. If you have a moment, I'd love to discuss some key points during our next meeting.",ham
"Hi Boss,

I'd appreciate a quick chat to go over the upcoming quarterly goals. Do you have a time slot that works for you?",ham
"Hello Boss,

I'm working on refining the presentation and would value your input on the new data we've gathered. Can I send it your way for review?

Thanks,",ham
"Hi Boss,

I came across a training that seems beneficial for the team's growth. Could we discuss the possibility of enrolling a few members?'",ham
"Subject: Budget Discussion

Hello Boss,

I'd like to schedule a brief meeting to discuss the budget allocation for the upcoming project phases. Are you available later this week?",ham
"Hi Boss,

I'd like to recognize grace for their outstanding contribution to cure project. Could we arrange a moment to acknowledge their efforts?",ham
"Hello Boss,

Given the current situation, I'm wondering if there's a possibility to work remotely a couple of days a week. I believe it could enhance productivity.",ham
"Hi Boss,

I've been brainstorming a new approach for hoho project. Could I present my ideas to you this week?",ham
"Hello Boss,

Thank you for your feedback on the proposal. I've made the suggested changes and would like your final input before moving forward.",ham
"Hi Boss,

I'm considering organizing a team-building event to boost morale. Would love your thoughts and any potential support.",ham
"Hello Boss,

I'm anticipating a need to travel for headache in the near future. Could we discuss the logistics and approval process?",ham
"Hi Boss,

I wanted to share that grace successfully completed Love project. Your guidance played a crucial role in this achievement.",ham
"Hello Boss,

I'm gathering feedback from the team on the recent changes. Would it be possible to share your thoughts as well?",ham
"Hi Boss,

With the increasing workload on Hans Project, I believe we could benefit from additional resources. Can we explore this possibility?",ham
"Hello Boss,

I'm preparing for the upcoming presentation. Would you have time for a quick run-through to ensure everything is aligned?",ham
"Hi Boss,

Just a heads-up: the client meeting went well, and they seemed quite satisfied with the proposed solutions.",ham
"Hello Boss,

I'm planning to take a few days off for late. Could we discuss how to manage tasks during that period?",ham
"Hi Boss,

The proposal is ready for submission. Before I proceed, could you review the final version for any last-minute adjustments?",ham
"Hello Boss,

I'd like to introduce cortney, who will be joining our team. Can we schedule a brief meet-and-greet?",ham
"Hi Boss,

Following our discussion, I've implemented the suggested changes. Could you please review to ensure it aligns with your expectations?",ham
"Hi Britny,

Could you provide a quick update on the status of energy project? Curious to know how things are moving along.",ham
"Hi Britny,

Don't forget about our meeting at 12:00 pm today. Looking forward to discussing Cure Project.",ham
"Hi Britny,

Just heard about your successful presentation. Awesome job! Keep up the great work.",ham
"Hi Britny,

Let's schedule a feedback session for your recent performance. Your growth is important to us.",ham
"Hi Britny,

I have a new project in mind that I think you'd be perfect for. Let's chat about it when you're available.",ham
"Hi Britny,

There's a training workshop coming up that aligns with your development goals. Interested in attending? Let me know.",ham
"Hi Britny,

Could you please send me the key points you'd like to discuss during the team meeting? Let's ensure we cover all bases.",ham
"Hi Britny,

Could you provide an update on the budget allocation for Hans Project? It's essential for tracking progress.",ham
"Hi Britny,

I've been hearing excellent feedback about your teamwork and dedication. Keep up the fantastic work!",ham
"Dear Team,

I hope this message finds you well. Our next team meeting is scheduled for September 9 at near coffee shop. Please mark your calendars and ensure your attendance.

Looking forward to a productive discussion.",ham
"Hello Team,

Just a quick heads-up! Our upcoming meeting is set for September 9 at near coffee shop. Kindly make a note of it in your schedules.",ham
"Hi Everyone,

The next meeting is confirmed for September 9 at near coffee shop. Your participation is important.",ham
"Dear Team,

A friendly reminder about our meeting on September 9 at near coffee shop. Looking forward to productive discussions.

Best regards,",ham
"Dear All,

Our next team meeting is scheduled for September 9 at near coffee shop. Your presence is highly valued.

Thank you,
cosmos",ham
"Hello Team,

Please take note that our upcoming meeting is set for October 9 at near coffee shop. Your active participation is expected.",ham
"Hi Everyone,

Confirming our team meeting on October 9 at near coffee shop. Looking forward to a productive session.",ham
"Dear Team Members,

The meeting is confirmed for October 9 at near coffee shop. Let's gather to discuss our next steps.",ham
"Hello Team,

Just a quick reminder that our meeting is scheduled for October 9 at near coffee shop. Your punctual attendance is appreciated.",ham
"Dear Team,

Save the date for our upcoming meeting on October 9 at near coffee shop. Agenda and details to follow.",ham
"Hi Team,

Our next meeting is just around the corner on October 9 at near coffee shop. Let's come together to tackle the agenda.",ham
"Hello Team,

Please mark your calendars for the upcoming meeting on October 9 at near coffee shop. Your attendance is vital for our progress.",ham
"Dear Team Members,

This is a formal notice for our meeting on October 9 at near coffee shop. Please ensure your presence for effective discussions.",ham
"Hi Everyone,

A quick reminder that our meeting is scheduled for October 9 at near coffee shop. Let's work together to achieve our goals.",ham
"Dear Team,

Confirming the meeting on October 9 at near coffee shop. Let's gather to exchange ideas and make progress.",ham
"Hello Team,

You're invited to our meeting on October 9 at near coffee shop. Your presence is crucial as we discuss important matters.",ham
"Hi Team,

The meeting is set for October 9 at near coffee shop. We'll delve into the agenda items to make informed decisions.",ham
"Dear Team Members,

Our next meeting is scheduled for October 9 at near coffee shop. Please prioritize attending this key discussion.",ham
"Hi All,

Confirming the details for our meeting on October 9 at near coffee shop. Let's work towards our shared goals.",ham
"Hello Team,

Friendly reminder about the upcoming meeting on October 9 at near coffee shop. Your active engagement is essential.",ham
"Hi Team,

Just a quick update to let you know that our meeting is confirmed for October 9 at near coffee shop. Looking forward to our collaboration.",ham
"Hello Team,

This is a friendly reminder of our meeting on October 9 at near coffee shop. Your insights and participation are valued.",ham
"Dear Team,

An announcement: our next meeting will take place on October 9 at near coffee shop. Please make arrangements to attend.",ham
"Hi Everyone,

A notice regarding our meeting on October 9 at near coffee shop. Let's gather to move forward together.",ham
"Hello Team,

Confirming the meeting for October 9 at near coffee shop. We'll follow the agenda for a productive discussion.",ham
"Hello Team,

I'm excited to inform you about our meeting scheduled for October 9 at near coffee shop. Let's collaborate for success.",ham
"Hi Team,

We have an important meeting coming up on October 9 at near coffee shop. Your attendance is crucial for effective decision-making.",ham
"Hello Team,

Please be advised that our meeting will take place on October 9 at near coffee shop. The agenda will be sent out soon.",ham
"Hi Everyone,

Our next meeting is set for October 9 at near coffee shop. Your input and engagement are highly anticipated.",ham
"Dear Team Members,

Confirming our meeting on October 9 at near coffee shop. Let's make the most of our time together.",ham
"Hello Team,

A quick update on our meeting scheduled for October 9 at near coffee shop. Please make the necessary arrangements to attend.",ham
"Hi Team,

Just a friendly reminder about our meeting on October 9 at near coffee shop. Your participation is vital.",ham
"Dear Team,

An important notice: we have a meeting planned for October 9 at near coffee shop. Please ensure your presence for meaningful deliberations.",ham
"Hello Team,

As we prepare for our meeting on October 9 at near coffee shop, I'll be sharing the agenda shortly. Stay tuned!",ham
"Hi Everyone,

Just a reminder that our meeting is approaching on October 9 at near coffee shop. Your insights are crucial.",ham
"Hi comina,

I've got some exciting news! I'm planning a party to celebrate . Save the date: November 12 at 12:00 Am. Can't wait to have you there!",ham
"Hey comina,

Just a heads-up: we're in full swing planning  party. Mark your calendar for November 12 and get ready to have a blast!",ham
"Hello comina,

You're cordially invited to a  party! Join us on November 12 at 12:00 Am at jenny's home. Your presence will make the celebration even better.",ham
"Hi comina,

Exciting times ahead! The party details are locked in:  celebration on November 12 at 12:00 Am at jenny's home. Can't wait to celebrate with you.",ham
"Hey comina,

Get your dancing shoes ready because we're throwing a  bash on November 12 at 12:00 Am at jenny's home. It won't be the same without you!",ham
"Hi comina,

We're gearing up to celebrate  in style! Mark your calendar for November 12 at 12:00 Am at jenny's home. It's going to be a memorable night.",ham
"Hello comina,

It's time to party! Join us for a  celebration on November 12 at 12:00 Am at jenny's home. Your presence will make it even more special.",ham
"Hey comina,

Exciting news! We're throwing a  party on November 12 at 12:00 Am at jenny's home. Can't wait to have you join in the fun.",ham
"Hi comina,

You're invited to our  party on November 12 at 12:00 Am at jenny's home. We're looking forward to celebrating with you!",ham
"Hello comina,

The countdown to the  party has begun! Make sure to mark November 12 at 12:00 Am at jenny's home on your calendar.",ham
"Dear jenny's parents,

I hope this email finds you well. I wanted to inform you that jenny was absent from school today due to absense. Please let us know if there are any specific assignments or materials that she may need to catch up on.

If you have any questions or concerns, please feel free to reach out to us. We appreciate your cooperation in keeping us informed about jenny's attendance.",ham
"Dear jenny's parents,

We value the partnership between parents and teachers to ensure your child's success. We would like to invite you to a parent-teacher conference to discuss jenny's progress.

Date: October 8
Time: 13:00 pm
Location: 1

Please let us know your availability by tommorow. If this date is not suitable, kindly inform us so we can make alternative arrangements.

Thank you for your involvement in your child's education.",ham
"Dear jenny's parents,

We're excited to announce an upcoming school event, jjsad, which will take place on January 12 at 12:00 pm. This event aims to cooo

Please mark your calendars and encourage your child to participate. We believe it will be an enriching experience for everyone.

More details will be shared as the event date approaches. We look forward to your support and attendance.",ham
"Dear jenny's parents,

I hope this email finds you well. As we approach the end of the week, I wanted to remind you and your child about the upcoming assignments and projects due for Science.

Please ensure that jenny is keeping up with their coursework and completing assignments on time. If you have any questions or concerns, please don't hesitate to reach out.

Thank you for your continued support in your child's education.",ham
"Dear jenny's parents,

We're excited to share the latest edition of our school newsletter with you. In this issue, you'll find updates about recent events, student achievements, and important dates for the upcoming month.

You can access the newsletter here: www.asd.com We encourage you to stay informed about the happenings at Sonny school and celebrate the successes of our students.

Thank you for being part of our school community.",ham
"Hi Clever,

Just a quick note to say thank you for your help on Hans Project. Your support was invaluable and greatly appreciated.",ham
"Hi John,

Haven't heard from you in a while. How's everything going? Let's catch up soon!",ham
"Hi John,

I have some exciting news to share. Can't wait to tell you all about it!",ham
"Hi Clever,

Can we set up a meeting to discuss Environment? What dates work best for you?

Thanks",ham
"Hi Angel College,

Congratulations on your recent achievement! Well done!",ham
"Hi Clever,

I have a quick question regarding Environment. Could you provide some insights?",ham
"Hi John,

I came across this article and thought you might find it interesting: www.kaskdas2.com.",ham
"Hi John,

If you need any help with Love project, feel free to reach out. I'm here to assist.",ham
"Hi Clever,

Just a friendly reminder about Jonny Event on March 17, 12:00. Looking forward to seeing you there.",ham
"Hi John,

You won't believe what happened today. Reminds me of our funny stories!

Chat soon",ham
"Hi Clever,

I wanted to apologize for Cure. It was unintended, and I'm working to rectify it.",ham
"Hi Jelly,

I wanted to introduce myself. I'm Jonny, and I work in Manager at Angel. Looking forward to connecting.",ham
"Hi Clever,

I value your opinion. Could you share your thoughts on Environment?",ham
"Hi John,

I heard about your achievement. Congratulations, you deserve it!",ham
"Hi Clever,

I had an idea for Hans Project. Let's discuss it and see if it fits.",ham
"Hi John,

Wishing you a joyful holiday season and a fantastic New Year!",ham
"Hi promy,

Could you provide a brief testimonial about your experience with our product/service? It would be greatly appreciated.",ham
"Hi Clever,

Just a reminder to RSVP for Cure Event by October 1, 12:00. We hope to see you there!",ham
"Hi John,

I found this helpful resource: www.213dsddd.com. Thought it might interest you.",ham
"Hi Angel College,

Wishing you all the best as you move on to new adventures. You'll be missed!",ham
"Hi Clever,

I was saddened to hear about lossing mother. Please accept my heartfelt condolences during this difficult time.",ham
"Hi heline,

I've been following your work and think a collaboration on Sand Project could be fantastic. Let's discuss further.",ham
"Hi John,

Here's a quote that's been inspiring me lately: """"Life is one""."" Thought it might resonate with you too.",ham
"Hi John,

Just wanted to send some warm thoughts your way. Hope you're doing well.",ham
"Hi Angel College,

I'm applying for chance and would appreciate your recommendation. Let me know if you're available for a chat.",ham
"Hi John,

I wanted to share my recent achievement: successing project. Thanks for your support along the way.",ham
"Hi Clever,

I noticed Cure and wanted to provide clarification. Let's chat to ensure we're on the same page.",ham
"Hi Bory,

Just a friendly reminder about the pending payment for making anything. Please settle at your earliest convenience.",ham
"Hi John,

I came across chance that I thought might interest you. Check it out: www.kaskdas2.com.",ham
"Hi John,

Wishing you a speedy recovery. Take care and rest up!",ham
"Hi heline,

I'm working on Hans Project and could use your expertise in 5m area. Would you be available for a quick chat?",ham
"Hi John,

I came across a podcast episode on Environment that I found insightful: https://www.asdsaasdasd2222.com. Thought you might enjoy it too.",ham
"Hi John,

Wishing you a fantastic birthday filled with joy and laughter. Have a wonderful day!",ham
"Hi Clever,

We're continuously striving to improve. Could you provide feedback on your recent experience with us?",ham
"Hi heline,

Thank you for reaching out with your question about Environment. Here's the information you're looking for",ham
"Hi John,

I recently tried this recipe for cane and it was amazing: www.cookwell.com. Let me know if you give it a try!",ham
"Hi John,

Just wanted to let you know that I'm thinking of you. If you need anything, I'm here.",ham
"Hi Kane,

I'm interested in the Bench and would like to schedule a test drive. Can we arrange a convenient time?",ham
"Hi Bory,

Just confirming our appointment for April 4 at 14:00. Looking forward to our discussion.",ham
"Hi John,

Heading on a trip soon? Remember to pack only the essentials and leave room for souvenirs!",ham
"Hi Clever,

During this difficult time, please know that you're in our thoughts and prayers. If there's anything we can do to support you, please don't hesitate to reach out.",ham
"Hi Clever,

I wanted to recommend Code Service based on my positive experience. They do excellent work and I think you'd find value in their expertise.",ham
"Hi Baksi,

A warm welcome to the team! We're thrilled to have you on board and look forward to achieving great things together.",ham
"Hi John,

Congratulations on reaching successing project! Your hard work and dedication have paid off.",ham
"Hi Clever,

I appreciate your bringing up your condition. Let's work together to find a solution that meets everyone's needs.",ham
"Hi Clever,

Just a quick reminder about Jong project on March 17, 12:00. Your attention to this matter is appreciated.",ham
"Hi John,

Here's a quote that got me thinking: """"Life is one""."" What are your thoughts?",ham
"Hi Alista,

Looking for a new read. Any book recommendations?",ham
"Hi John,

I heard about mircle morning you're facing. Just a reminder that I'm here to support you in any way I can.",ham
"Hi John,

I had to share this hilarious incident that happened today. You'll get a good laugh out of it.",ham
"Hi John,

I heard the fantastic news about your new job. Congratulations on this exciting opportunity!",ham
"Hi Angel College,

I believe our strengths could complement each other on Hans Project. Let's explore a potential collaboration.",ham
"Hi hugin,

We're thrilled to have you join us for Gorila on April 4 at 14:00. Here are the event details: secret",ham
"Hi John,

Just wanted to share a small win: successing project. Celebrating every step!",ham
"Hi bini,

I'd like to request time off from April 1 to May 5 due to late. Please let me know the procedure.",ham
"Hi Clever,

I wanted to let you know that there's been a change in Travel. Let's discuss the new approach.",ham
"Hi John,

Wishing you an incredible birthday filled with joy and wonderful moments.",ham
"Hi Angel College,

Thank you for our meeting. Could you please provide a summary of the action items we discussed?",ham
"Hi John,

I had an amazing time at jane's home. Thought you might want to check it out too!",ham
"Hi John,

Remember that hilarious incident from yesterday traveling? Those were the days!",ham
"Hi Grass,

I admire your career path in Gient Industry and would love to learn more. Could we schedule a brief informational interview?",ham
"Hi John,

I've been reflecting on Environment and wanted to share my perspective: ""Oh"". Would love to hear your thoughts!",ham
"Hi Clever,

We're hosting a virtual Cure Event on March 17, 12:00. Join us from the comfort of your home!",ham
"Hi Cort,

Congratulations on your graduation! Wishing you a bright future ahead.",ham
"Hi John,

Just wanted to wish you a fantastic weekend ahead. Relax and enjoy!",ham
"Hi John,

Stumbled upon this cool DIY project: www.kaskdas2.com. Thought you might want to give it a try.",ham
"Hi Sidney,

I'm applying for chance and would appreciate your recommendation. Let me know if you're available to write one.",ham
"Hi John,

I'm truly sorry to hear about lossing mother. You and your family are in my thoughts.",ham
"Hi Brakey,

We're organizing a community event and could use some volunteer help. Interested in joining us?",ham
"Hi John,

Sending positive vibes your way. Remember, you've got this!",ham
"Hi John,

I can't contain my excitement about send event. Can't wait to share it with you!",ham
"Hi Jane,

I've heard you make the best cane. Could you share the recipe with me?",ham
"Hi John,

I know things have been tough, but remember: progress is progress, no matter how small.",ham
"Hi John,

Just wanted to catch you up on what's been happening in my life lately. Let's catch up soon!",ham
"Hi John,

It's been a while since we caught up. How about we plan a coffee catch-up soon?",ham
"Hi jane,

Keep creating and exploring your passion. Your talent is inspiring!",ham
"Hi jane,

I just wanted to let you know how much I appreciate your support during money challenge. It means a lot to me.",ham
"Hi John,

Wanted to send you some virtual hugs and positive energy. You're not alone!",ham
"Hi Angel College,

Could you provide feedback on the Hans Project? Your insights are valuable.",ham
"Hi jane,

Just discovered this fascinating fact: sun is hot. Thought you'd find it interesting too!",ham
"Hi Clever,

We're hosting an informative webinar on Environment next week. Join us to learn from experts in the field!",ham
"Hi John,

We're organizing a charity event and would love your help in making it a success. Interested?",ham
"Hi jane,

Thank you for referring bori to me. Your support means a lot.",ham
"Hi jane,

I'm navigating the job market and would value your insights. Could we chat about job search strategies?",ham
"Hi Clever,

Just a friendly reminder about the approaching deadline for Love project. Let's ensure we stay on track.",ham
"Hi jane,

I admire your accomplishments in Kapo Industry. Would love to connect and learn more about your journey.",ham
"Hi John,

Challenges are just stepping stones. Keep pushing forward; you're capable of great things!",ham
"Hi jane

I stumbled upon this amazing podcast episode: www.kaskdas2.com. Thought you might enjoy it too!",ham
"Hi heline,

Could you kindly provide me with your current mailing address for our records?",ham
"Hi John,

I'm excited to share that I'll be traveling to U.S.A next month. Let's catch up before I go!",ham
"Hi jane,

We're raising funds for send project. Your contribution would make a significant impact. Will you join us?",ham
"Hi John,

I heard you're having tech troubles. Need a hand? Happy to help!",ham
"Hi jane,

I recently read Life and False. Both were captivating and thought-provoking. Check them out!",ham
"Hi jane,

I have an idea for a collaborative project. Are you interested in bringing our creative minds together?",ham
"Hi jane,

I'm impressed with your enthusiasm for Science. If you have questions or need advice, feel free to reach out.",ham
